week,pollutant,group1,group2,meandiff,p_value,lower,upper,reject
1,pm10,0_hw_1,1_hw_2,0.5141,0,0.2171,0.8112,TRUE
1,pm10,0_hw_1,2_hw_4,1.3674,0,0.9418,1.7931,TRUE
1,pm10,0_hw_1,hw_4,1.8662,0,1.2516,2.4809,TRUE
1,pm10,0_hw_1,non_canyon,-0.6822,0,-0.8226,-0.5419,TRUE
1,pm10,0_hw_1,on_viaduct,-0.745,0,-0.9685,-0.5214,TRUE
1,pm10,0_hw_1,under_viaduct,-0.8921,0.0406,-1.7631,-0.0211,TRUE
1,pm10,1_hw_2,2_hw_4,0.8533,0,0.3576,1.3489,TRUE
1,pm10,1_hw_2,hw_4,1.3521,0,0.6871,2.0171,TRUE
1,pm10,1_hw_2,non_canyon,-1.1964,0,-1.4865,-0.9063,TRUE
1,pm10,1_hw_2,on_viaduct,-1.2591,0,-1.5974,-0.9209,TRUE
1,pm10,1_hw_2,under_viaduct,-1.4062,0.0001,-2.3135,-0.499,TRUE
1,pm10,2_hw_4,hw_4,0.4988,0.4078,-0.2327,1.2304,FALSE
1,pm10,2_hw_4,non_canyon,-2.0496,0,-2.4705,-1.6288,TRUE
1,pm10,2_hw_4,on_viaduct,-2.1124,0,-2.5678,-1.657,TRUE
1,pm10,2_hw_4,under_viaduct,-2.2595,0,-3.2166,-1.3024,TRUE
1,pm10,hw_4,non_canyon,-2.5485,0,-3.1597,-1.9372,TRUE
1,pm10,hw_4,on_viaduct,-2.6112,0,-3.2468,-1.9757,TRUE
1,pm10,hw_4,under_viaduct,-2.7583,0,-3.8131,-1.7035,TRUE
1,pm10,non_canyon,on_viaduct,-0.0628,0.9778,-0.2769,0.1514,FALSE
1,pm10,non_canyon,under_viaduct,-0.2098,0.9919,-1.0785,0.6588,FALSE
1,pm10,on_viaduct,under_viaduct,-0.1471,0.999,-1.033,0.7388,FALSE
2,pm10,0_hw_1,1_hw_2,0.46,0.0114,0.0627,0.8572,TRUE
2,pm10,0_hw_1,2_hw_4,1.0692,0,0.5,1.6384,TRUE
2,pm10,0_hw_1,hw_4,1.3662,0,0.5443,2.1881,TRUE
2,pm10,0_hw_1,non_canyon,-0.6197,0,-0.8073,-0.432,TRUE
2,pm10,0_hw_1,on_viaduct,-0.6222,0,-0.9212,-0.3233,TRUE
2,pm10,0_hw_1,under_viaduct,-0.2267,0.9975,-1.3914,0.938,FALSE
2,pm10,1_hw_2,2_hw_4,0.6092,0.0956,-0.0535,1.272,FALSE
2,pm10,1_hw_2,hw_4,0.9062,0.0424,0.017,1.7954,TRUE
2,pm10,1_hw_2,non_canyon,-1.0796,0,-1.4675,-0.6917,TRUE
2,pm10,1_hw_2,on_viaduct,-1.0822,0,-1.5345,-0.6299,TRUE
2,pm10,1_hw_2,under_viaduct,-0.6867,0.637,-1.8998,0.5265,FALSE
2,pm10,2_hw_4,hw_4,0.297,0.9734,-0.6812,1.2752,FALSE
2,pm10,2_hw_4,non_canyon,-1.6889,0,-2.2516,-1.1262,TRUE
2,pm10,2_hw_4,on_viaduct,-1.6915,0,-2.3004,-1.0825,TRUE
2,pm10,2_hw_4,under_viaduct,-1.2959,0.0449,-2.5757,-0.0161,TRUE
2,pm10,hw_4,non_canyon,-1.9859,0,-2.8032,-1.1685,TRUE
2,pm10,hw_4,on_viaduct,-1.9884,0,-2.8383,-1.1386,TRUE
2,pm10,hw_4,under_viaduct,-1.5929,0.0152,-3.0034,-0.1824,TRUE
2,pm10,non_canyon,on_viaduct,-0.0026,1,-0.289,0.2838,FALSE
2,pm10,non_canyon,under_viaduct,0.393,0.9547,-0.7686,1.5545,FALSE
2,pm10,on_viaduct,under_viaduct,0.3955,0.9575,-0.7891,1.5802,FALSE
3,pm10,0_hw_1,1_hw_2,0.6308,0,0.2995,0.9622,TRUE
3,pm10,0_hw_1,2_hw_4,1.5084,0,1.0336,1.9832,TRUE
3,pm10,0_hw_1,hw_4,2.0222,0,1.3366,2.7078,TRUE
3,pm10,0_hw_1,non_canyon,-0.7709,0,-0.9274,-0.6143,TRUE
3,pm10,0_hw_1,on_viaduct,-0.7713,0,-1.0207,-0.5219,TRUE
3,pm10,0_hw_1,under_viaduct,-0.9236,0.075,-1.8952,0.0479,FALSE
3,pm10,1_hw_2,2_hw_4,0.8776,0.0001,0.3247,1.4304,TRUE
3,pm10,1_hw_2,hw_4,1.3914,0,0.6496,2.1331,TRUE
3,pm10,1_hw_2,non_canyon,-1.4017,0,-1.7253,-1.0782,TRUE
3,pm10,1_hw_2,on_viaduct,-1.4021,0,-1.7795,-1.0248,TRUE
3,pm10,1_hw_2,under_viaduct,-1.5545,0.0001,-2.5665,-0.5425,TRUE
3,pm10,2_hw_4,hw_4,0.5138,0.5095,-0.3022,1.3298,FALSE
3,pm10,2_hw_4,non_canyon,-2.2793,0,-2.7487,-1.8099,TRUE
3,pm10,2_hw_4,on_viaduct,-2.2797,0,-2.7877,-1.7718,TRUE
3,pm10,2_hw_4,under_viaduct,-2.4321,0,-3.4997,-1.3645,TRUE
3,pm10,hw_4,non_canyon,-2.7931,0,-3.4749,-2.1113,TRUE
3,pm10,hw_4,on_viaduct,-2.7935,0,-3.5024,-2.0846,TRUE
3,pm10,hw_4,under_viaduct,-2.9459,0,-4.1224,-1.7693,TRUE
3,pm10,non_canyon,on_viaduct,-0.0004,1,-0.2393,0.2385,FALSE
3,pm10,non_canyon,under_viaduct,-0.1528,0.9992,-1.1217,0.8162,FALSE
3,pm10,on_viaduct,under_viaduct,-0.1524,0.9993,-1.1405,0.8358,FALSE
4,pm10,0_hw_1,1_hw_2,0.4563,0.009,0.0701,0.8425,TRUE
4,pm10,0_hw_1,2_hw_4,1.0658,0,0.5123,1.6192,TRUE
4,pm10,0_hw_1,hw_4,1.4183,0,0.6192,2.2174,TRUE
4,pm10,0_hw_1,non_canyon,-0.5978,0,-0.7803,-0.4153,TRUE
4,pm10,0_hw_1,on_viaduct,-0.3636,0.0042,-0.6543,-0.073,TRUE
4,pm10,0_hw_1,under_viaduct,-0.434,0.919,-1.5665,0.6985,FALSE
4,pm10,1_hw_2,2_hw_4,0.6095,0.0779,-0.035,1.2539,FALSE
4,pm10,1_hw_2,hw_4,0.962,0.0179,0.0974,1.8266,TRUE
4,pm10,1_hw_2,non_canyon,-1.0541,0,-1.4312,-0.6769,TRUE
4,pm10,1_hw_2,on_viaduct,-0.8199,0,-1.2598,-0.3801,TRUE
4,pm10,1_hw_2,under_viaduct,-0.8903,0.2817,-2.0699,0.2893,FALSE
4,pm10,2_hw_4,hw_4,0.3525,0.9304,-0.5986,1.3037,FALSE
4,pm10,2_hw_4,non_canyon,-1.6635,0,-2.2107,-1.1164,TRUE
4,pm10,2_hw_4,on_viaduct,-1.4294,0,-2.0215,-0.8373,TRUE
4,pm10,2_hw_4,under_viaduct,-1.4998,0.007,-2.7442,-0.2554,TRUE
4,pm10,hw_4,non_canyon,-2.0161,0,-2.8108,-1.2213,TRUE
4,pm10,hw_4,on_viaduct,-1.7819,0,-2.6083,-0.9556,TRUE
4,pm10,hw_4,under_viaduct,-1.8523,0.0013,-3.2237,-0.4809,TRUE
4,pm10,non_canyon,on_viaduct,0.2341,0.167,-0.0444,0.5126,FALSE
4,pm10,non_canyon,under_viaduct,0.1638,0.9995,-0.9657,1.2932,FALSE
4,pm10,on_viaduct,under_viaduct,-0.0704,1,-1.2222,1.0815,FALSE
5,pm10,0_hw_1,1_hw_2,0.3585,0.071,-0.0159,0.733,FALSE
5,pm10,0_hw_1,2_hw_4,1.2075,0,0.6709,1.7441,TRUE
5,pm10,0_hw_1,hw_4,1.5982,0,0.8234,2.373,TRUE
5,pm10,0_hw_1,non_canyon,-0.2616,0.0003,-0.4386,-0.0847,TRUE
5,pm10,0_hw_1,on_viaduct,-0.5538,0,-0.8357,-0.272,TRUE
5,pm10,0_hw_1,under_viaduct,0.6911,0.5099,-0.4068,1.7891,FALSE
5,pm10,1_hw_2,2_hw_4,0.849,0.0012,0.2242,1.4737,TRUE
5,pm10,1_hw_2,hw_4,1.2397,0.0003,0.4014,2.0779,TRUE
5,pm10,1_hw_2,non_canyon,-0.6202,0,-0.9859,-0.2545,TRUE
5,pm10,1_hw_2,on_viaduct,-0.9124,0,-1.3388,-0.486,TRUE
5,pm10,1_hw_2,under_viaduct,0.3326,0.9786,-0.8111,1.4763,FALSE
5,pm10,2_hw_4,hw_4,0.3907,0.8747,-0.5315,1.3129,FALSE
5,pm10,2_hw_4,non_canyon,-1.4691,0,-1.9996,-0.9387,TRUE
5,pm10,2_hw_4,on_viaduct,-1.7613,0,-2.3354,-1.1873,TRUE
5,pm10,2_hw_4,under_viaduct,-0.5164,0.8693,-1.7229,0.6901,FALSE
5,pm10,hw_4,non_canyon,-1.8598,0,-2.6304,-1.0893,TRUE
5,pm10,hw_4,on_viaduct,-2.152,0,-2.9532,-1.3509,TRUE
5,pm10,hw_4,under_viaduct,-0.9071,0.4073,-2.2367,0.4226,FALSE
5,pm10,non_canyon,on_viaduct,-0.2922,0.024,-0.5622,-0.0222,TRUE
5,pm10,non_canyon,under_viaduct,0.9528,0.1367,-0.1422,2.0478,FALSE
5,pm10,on_viaduct,under_viaduct,1.245,0.0176,0.1282,2.3617,TRUE
6,pm10,0_hw_1,1_hw_2,-0.1029,0.9826,-0.4715,0.2657,FALSE
6,pm10,0_hw_1,2_hw_4,0.2606,0.7715,-0.2675,0.7888,FALSE
6,pm10,0_hw_1,hw_4,0.6173,0.2041,-0.1453,1.3799,FALSE
6,pm10,0_hw_1,non_canyon,0.4136,0,0.2395,0.5878,TRUE
6,pm10,0_hw_1,on_viaduct,0.1497,0.6879,-0.1277,0.4271,FALSE
6,pm10,0_hw_1,under_viaduct,0.7641,0.3617,-0.3166,1.8448,FALSE
6,pm10,1_hw_2,2_hw_4,0.3635,0.5869,-0.2514,0.9785,FALSE
6,pm10,1_hw_2,hw_4,0.7202,0.1341,-0.1049,1.5453,FALSE
6,pm10,1_hw_2,non_canyon,0.5165,0.0005,0.1566,0.8764,TRUE
6,pm10,1_hw_2,on_viaduct,0.2526,0.5653,-0.1671,0.6723,FALSE
6,pm10,1_hw_2,under_viaduct,0.867,0.2582,-0.2587,1.9927,FALSE
6,pm10,2_hw_4,hw_4,0.3567,0.9095,-0.551,1.2643,FALSE
6,pm10,2_hw_4,non_canyon,0.153,0.9778,-0.3691,0.6751,FALSE
6,pm10,2_hw_4,on_viaduct,-0.1109,0.9974,-0.6759,0.4541,FALSE
6,pm10,2_hw_4,under_viaduct,0.5035,0.8743,-0.684,1.691,FALSE
6,pm10,hw_4,non_canyon,-0.2037,0.9858,-0.9621,0.5548,FALSE
6,pm10,hw_4,on_viaduct,-0.4676,0.5833,-1.2561,0.321,FALSE
6,pm10,hw_4,under_viaduct,0.1468,0.9999,-1.1619,1.4555,FALSE
6,pm10,non_canyon,on_viaduct,-0.2639,0.0531,-0.5297,0.0019,FALSE
6,pm10,non_canyon,under_viaduct,0.3505,0.9626,-0.7273,1.4282,FALSE
6,pm10,on_viaduct,under_viaduct,0.6144,0.6509,-0.4848,1.7135,FALSE
7,pm10,0_hw_1,1_hw_2,0.032,1,-0.3317,0.3957,FALSE
7,pm10,0_hw_1,2_hw_4,0.6081,0.0104,0.0869,1.1293,TRUE
7,pm10,0_hw_1,hw_4,1.1088,0.0003,0.3563,1.8613,TRUE
7,pm10,0_hw_1,non_canyon,0.2477,0.0004,0.0758,0.4195,TRUE
7,pm10,0_hw_1,on_viaduct,-0.0439,0.9992,-0.3176,0.2299,FALSE
7,pm10,0_hw_1,under_viaduct,0.4804,0.8388,-0.586,1.5468,FALSE
7,pm10,1_hw_2,2_hw_4,0.5761,0.0758,-0.0307,1.1829,FALSE
7,pm10,1_hw_2,hw_4,1.0768,0.0019,0.2626,1.891,TRUE
7,pm10,1_hw_2,non_canyon,0.2157,0.5546,-0.1395,0.5708,FALSE
7,pm10,1_hw_2,on_viaduct,-0.0759,0.9982,-0.49,0.3383,FALSE
7,pm10,1_hw_2,under_viaduct,0.4484,0.8981,-0.6624,1.5592,FALSE
7,pm10,2_hw_4,hw_4,0.5007,0.6507,-0.3949,1.3964,FALSE
7,pm10,2_hw_4,non_canyon,-0.3604,0.3753,-0.8757,0.1548,FALSE
7,pm10,2_hw_4,on_viaduct,-0.652,0.0102,-1.2095,-0.0944,TRUE
7,pm10,2_hw_4,under_viaduct,-0.1277,0.9999,-1.2995,1.0441,FALSE
7,pm10,hw_4,non_canyon,-0.8611,0.0123,-1.6095,-0.1127,TRUE
7,pm10,hw_4,on_viaduct,-1.1527,0.0003,-1.9308,-0.3745,TRUE
7,pm10,hw_4,under_viaduct,-0.6284,0.783,-1.9199,0.663,FALSE
7,pm10,non_canyon,on_viaduct,-0.2915,0.0181,-0.5538,-0.0293,TRUE
7,pm10,non_canyon,under_viaduct,0.2327,0.9953,-0.8308,1.2963,FALSE
7,pm10,on_viaduct,under_viaduct,0.5243,0.7884,-0.5604,1.6089,FALSE
8,pm10,0_hw_1,1_hw_2,0.3949,0,0.2195,0.5703,TRUE
8,pm10,0_hw_1,2_hw_4,0.8262,0,0.5749,1.0775,TRUE
8,pm10,0_hw_1,hw_4,1.0253,0,0.6624,1.3881,TRUE
8,pm10,0_hw_1,non_canyon,-0.1609,0,-0.2438,-0.0781,TRUE
8,pm10,0_hw_1,on_viaduct,-0.4183,0,-0.5503,-0.2863,TRUE
8,pm10,0_hw_1,under_viaduct,0.6718,0.0023,0.1575,1.186,TRUE
8,pm10,1_hw_2,2_hw_4,0.4312,0.0003,0.1386,0.7239,TRUE
8,pm10,1_hw_2,hw_4,0.6303,0,0.2377,1.0229,TRUE
8,pm10,1_hw_2,non_canyon,-0.5559,0,-0.7271,-0.3846,TRUE
8,pm10,1_hw_2,on_viaduct,-0.8132,0,-1.0129,-0.6135,TRUE
8,pm10,1_hw_2,under_viaduct,0.2768,0.7306,-0.2588,0.8125,FALSE
8,pm10,2_hw_4,hw_4,0.1991,0.8235,-0.2328,0.631,FALSE
8,pm10,2_hw_4,non_canyon,-0.9871,0,-1.2356,-0.7386,TRUE
8,pm10,2_hw_4,on_viaduct,-1.2444,0,-1.5133,-0.9756,TRUE
8,pm10,2_hw_4,under_viaduct,-0.1544,0.9845,-0.7195,0.4107,FALSE
8,pm10,hw_4,non_canyon,-1.1862,0,-1.5471,-0.8253,TRUE
8,pm10,hw_4,on_viaduct,-1.4435,0,-1.8188,-1.0683,TRUE
8,pm10,hw_4,under_viaduct,-0.3535,0.6337,-0.9763,0.2693,FALSE
8,pm10,non_canyon,on_viaduct,-0.2573,0,-0.3838,-0.1309,TRUE
8,pm10,non_canyon,under_viaduct,0.8327,0,0.3198,1.3455,TRUE
8,pm10,on_viaduct,under_viaduct,1.09,0,0.567,1.6131,TRUE
9,pm10,0_hw_1,1_hw_2,0.2514,0.0012,0.0662,0.4365,TRUE
9,pm10,0_hw_1,2_hw_4,0.8298,0,0.5646,1.0951,TRUE
9,pm10,0_hw_1,hw_4,1.1873,0,0.8043,1.5703,TRUE
9,pm10,0_hw_1,non_canyon,-0.1873,0,-0.2747,-0.0998,TRUE
9,pm10,0_hw_1,on_viaduct,-0.5696,0,-0.709,-0.4303,TRUE
9,pm10,0_hw_1,under_viaduct,-0.0774,0.9996,-0.6202,0.4654,FALSE
9,pm10,1_hw_2,2_hw_4,0.5785,0,0.2696,0.8873,TRUE
9,pm10,1_hw_2,hw_4,0.9359,0,0.5215,1.3503,TRUE
9,pm10,1_hw_2,non_canyon,-0.4386,0,-0.6194,-0.2579,TRUE
9,pm10,1_hw_2,on_viaduct,-0.821,0,-1.0318,-0.6102,TRUE
9,pm10,1_hw_2,under_viaduct,-0.3287,0.6063,-0.8941,0.2366,FALSE
9,pm10,2_hw_4,hw_4,0.3574,0.2381,-0.0984,0.8133,FALSE
9,pm10,2_hw_4,non_canyon,-1.0171,0,-1.2793,-0.7549,TRUE
9,pm10,2_hw_4,on_viaduct,-1.3995,0,-1.6833,-1.1157,TRUE
9,pm10,2_hw_4,under_viaduct,-0.9072,0.0001,-1.5036,-0.3108,TRUE
9,pm10,hw_4,non_canyon,-1.3745,0,-1.7555,-0.9936,TRUE
9,pm10,hw_4,on_viaduct,-1.7569,0,-2.153,-1.3609,TRUE
9,pm10,hw_4,under_viaduct,-1.2647,0,-1.922,-0.6073,TRUE
9,pm10,non_canyon,on_viaduct,-0.3824,0,-0.5159,-0.2489,TRUE
9,pm10,non_canyon,under_viaduct,0.1099,0.9969,-0.4314,0.6512,FALSE
9,pm10,on_viaduct,under_viaduct,0.4923,0.1173,-0.0598,1.0443,FALSE
10,pm10,0_hw_1,1_hw_2,-0.0011,1,-0.3662,0.364,FALSE
10,pm10,0_hw_1,2_hw_4,0.3928,0.2877,-0.1303,0.916,FALSE
10,pm10,0_hw_1,hw_4,0.7335,0.0636,-0.0219,1.4888,FALSE
10,pm10,0_hw_1,non_canyon,0.3315,0,0.159,0.504,TRUE
10,pm10,0_hw_1,on_viaduct,0.1831,0.4374,-0.0917,0.4578,FALSE
10,pm10,0_hw_1,under_viaduct,0.8623,0.2091,-0.2082,1.9327,FALSE
10,pm10,1_hw_2,2_hw_4,0.3939,0.4756,-0.2152,1.0031,FALSE
10,pm10,1_hw_2,hw_4,0.7346,0.1113,-0.0826,1.5519,FALSE
10,pm10,1_hw_2,non_canyon,0.3326,0.0861,-0.0239,0.6891,FALSE
10,pm10,1_hw_2,on_viaduct,0.1842,0.8493,-0.2315,0.5999,FALSE
10,pm10,1_hw_2,under_viaduct,0.8634,0.2521,-0.2516,1.9784,FALSE
10,pm10,2_hw_4,hw_4,0.3407,0.9231,-0.5584,1.2397,FALSE
10,pm10,2_hw_4,non_canyon,-0.0613,0.9999,-0.5785,0.4559,FALSE
10,pm10,2_hw_4,on_viaduct,-0.2098,0.9268,-0.7694,0.3499,FALSE
10,pm10,2_hw_4,under_viaduct,0.4694,0.9031,-0.7068,1.6457,FALSE
10,pm10,hw_4,non_canyon,-0.402,0.6967,-1.1532,0.3493,FALSE
10,pm10,hw_4,on_viaduct,-0.5504,0.366,-1.3315,0.2307,FALSE
10,pm10,hw_4,under_viaduct,0.1288,0.9999,-1.1676,1.4251,FALSE
10,pm10,non_canyon,on_viaduct,-0.1484,0.6412,-0.4117,0.1148,FALSE
10,pm10,non_canyon,under_viaduct,0.5308,0.7652,-0.5368,1.5983,FALSE
10,pm10,on_viaduct,under_viaduct,0.6792,0.5212,-0.4096,1.7679,FALSE
11,pm10,0_hw_1,1_hw_2,-0.015,1,-0.4724,0.4425,FALSE
11,pm10,0_hw_1,2_hw_4,0.5419,0.183,-0.1136,1.1973,FALSE
11,pm10,0_hw_1,hw_4,1.1094,0.0099,0.163,2.0558,TRUE
11,pm10,0_hw_1,non_canyon,0.5546,0,0.3385,0.7707,TRUE
11,pm10,0_hw_1,on_viaduct,1.373,0,1.0288,1.7173,TRUE
11,pm10,0_hw_1,under_viaduct,0.2012,0.9994,-1.14,1.5424,FALSE
11,pm10,1_hw_2,2_hw_4,0.5568,0.3225,-0.2063,1.32,FALSE
11,pm10,1_hw_2,hw_4,1.1244,0.0206,0.1004,2.1483,TRUE
11,pm10,1_hw_2,non_canyon,0.5696,0.0032,0.1229,1.0163,TRUE
11,pm10,1_hw_2,on_viaduct,1.388,0,0.8671,1.9089,TRUE
11,pm10,1_hw_2,under_viaduct,0.2161,0.9993,-1.1809,1.6132,FALSE
11,pm10,2_hw_4,hw_4,0.5675,0.7537,-0.559,1.694,FALSE
11,pm10,2_hw_4,non_canyon,0.0127,1,-0.6353,0.6607,FALSE
11,pm10,2_hw_4,on_viaduct,0.8311,0.0086,0.1299,1.5324,TRUE
11,pm10,2_hw_4,under_viaduct,-0.3407,0.9936,-1.8145,1.1331,FALSE
11,pm10,hw_4,non_canyon,-0.5548,0.5904,-1.4961,0.3865,FALSE
11,pm10,hw_4,on_viaduct,0.2636,0.9856,-0.715,1.2423,FALSE
11,pm10,hw_4,under_viaduct,-0.9082,0.6504,-2.5324,0.716,FALSE
11,pm10,non_canyon,on_viaduct,0.8184,0,0.4886,1.1483,TRUE
11,pm10,non_canyon,under_viaduct,-0.3534,0.987,-1.691,0.9842,FALSE
11,pm10,on_viaduct,under_viaduct,-1.1718,0.1476,-2.536,0.1923,FALSE
12,pm10,0_hw_1,1_hw_2,-0.3162,0.9572,-1.2619,0.6295,FALSE
12,pm10,0_hw_1,2_hw_4,0.4581,0.9548,-0.8969,1.8132,FALSE
12,pm10,0_hw_1,hw_4,1.0687,0.6755,-0.8878,3.0253,FALSE
12,pm10,0_hw_1,non_canyon,0.8825,0,0.4357,1.3293,TRUE
12,pm10,0_hw_1,on_viaduct,0.37,0.7248,-0.3416,1.0817,FALSE
12,pm10,0_hw_1,under_viaduct,1.7613,0.4985,-1.0115,4.534,FALSE
12,pm10,1_hw_2,2_hw_4,0.7743,0.776,-0.8034,2.3521,FALSE
12,pm10,1_hw_2,hw_4,1.3849,0.4609,-0.732,3.5018,FALSE
12,pm10,1_hw_2,non_canyon,1.1987,0.0025,0.2752,2.1221,TRUE
12,pm10,1_hw_2,on_viaduct,0.6863,0.4943,-0.3906,1.7631,FALSE
12,pm10,1_hw_2,under_viaduct,2.0775,0.3401,-0.8106,4.9656,FALSE
12,pm10,2_hw_4,hw_4,0.6106,0.9875,-1.7182,2.9394,FALSE
12,pm10,2_hw_4,non_canyon,0.4243,0.9671,-0.9153,1.764,FALSE
12,pm10,2_hw_4,on_viaduct,-0.0881,1,-1.5377,1.3616,FALSE
12,pm10,2_hw_4,under_viaduct,1.3031,0.8696,-1.7437,4.35,FALSE
12,pm10,hw_4,non_canyon,-0.1863,1,-2.1322,1.7597,FALSE
12,pm10,hw_4,on_viaduct,-0.6987,0.95,-2.7219,1.3246,FALSE
12,pm10,hw_4,under_viaduct,0.6925,0.9966,-2.6653,4.0504,FALSE
12,pm10,non_canyon,on_viaduct,-0.5124,0.2869,-1.1943,0.1695,FALSE
12,pm10,non_canyon,under_viaduct,0.8788,0.9666,-1.8864,3.644,FALSE
12,pm10,on_viaduct,under_viaduct,1.3912,0.7718,-1.429,4.2114,FALSE
13,pm10,0_hw_1,1_hw_2,-0.3756,0.9225,-1.3653,0.6141,FALSE
13,pm10,0_hw_1,2_hw_4,0.3112,0.9952,-1.107,1.7293,FALSE
13,pm10,0_hw_1,hw_4,1.0303,0.7548,-1.0174,3.078,FALSE
13,pm10,0_hw_1,non_canyon,1.0725,0,0.6048,1.5401,TRUE
13,pm10,0_hw_1,on_viaduct,0.8966,0.0071,0.1518,1.6414,TRUE
13,pm10,0_hw_1,under_viaduct,2.2735,0.239,-0.6284,5.1753,FALSE
13,pm10,1_hw_2,2_hw_4,0.6868,0.8841,-0.9644,2.338,FALSE
13,pm10,1_hw_2,hw_4,1.4059,0.4997,-0.8095,3.6214,FALSE
13,pm10,1_hw_2,non_canyon,1.4481,0.0002,0.4816,2.4145,TRUE
13,pm10,1_hw_2,on_viaduct,1.2722,0.0153,0.1452,2.3992,TRUE
13,pm10,1_hw_2,under_viaduct,2.6491,0.1308,-0.3735,5.6717,FALSE
13,pm10,2_hw_4,hw_4,0.7191,0.977,-1.7181,3.1563,FALSE
13,pm10,2_hw_4,non_canyon,0.7613,0.6817,-0.6407,2.1633,FALSE
13,pm10,2_hw_4,on_viaduct,0.5854,0.9165,-0.9317,2.1026,FALSE
13,pm10,2_hw_4,under_viaduct,1.9623,0.5381,-1.2264,5.151,FALSE
13,pm10,hw_4,non_canyon,0.0422,1,-1.9944,2.0787,FALSE
13,pm10,hw_4,on_viaduct,-0.1337,1,-2.2511,1.9838,FALSE
13,pm10,hw_4,under_viaduct,1.2432,0.944,-2.271,4.7574,FALSE
13,pm10,non_canyon,on_viaduct,-0.1758,0.991,-0.8894,0.5378,FALSE
13,pm10,non_canyon,under_viaduct,1.201,0.8852,-1.693,4.095,FALSE
13,pm10,on_viaduct,under_viaduct,1.3769,0.8151,-1.5746,4.3283,FALSE
14,pm10,0_hw_1,1_hw_2,-0.9458,0,-1.4501,-0.4414,TRUE
14,pm10,0_hw_1,2_hw_4,-0.7213,0.0509,-1.444,0.0015,FALSE
14,pm10,0_hw_1,hw_4,-0.3291,0.9678,-1.3727,0.7145,FALSE
14,pm10,0_hw_1,non_canyon,0.7374,0,0.4991,0.9758,TRUE
14,pm10,0_hw_1,on_viaduct,0.2411,0.4984,-0.1385,0.6207,FALSE
14,pm10,0_hw_1,under_viaduct,0.5268,0.9422,-0.9521,2.0056,FALSE
14,pm10,1_hw_2,2_hw_4,0.2245,0.9863,-0.6171,1.066,FALSE
14,pm10,1_hw_2,hw_4,0.6167,0.6757,-0.5124,1.7457,FALSE
14,pm10,1_hw_2,non_canyon,1.6832,0,1.1907,2.1757,TRUE
14,pm10,1_hw_2,on_viaduct,1.1869,0,0.6125,1.7612,TRUE
14,pm10,1_hw_2,under_viaduct,1.4725,0.0719,-0.0679,3.0129,FALSE
14,pm10,2_hw_4,hw_4,0.3922,0.9676,-0.8499,1.6343,FALSE
14,pm10,2_hw_4,non_canyon,1.4587,0,0.7442,2.1733,TRUE
14,pm10,2_hw_4,on_viaduct,0.9624,0.0045,0.1892,1.7356,TRUE
14,pm10,2_hw_4,under_viaduct,1.2481,0.2615,-0.377,2.8731,FALSE
14,pm10,hw_4,non_canyon,1.0665,0.0394,0.0287,2.1044,TRUE
14,pm10,hw_4,on_viaduct,0.5702,0.7092,-0.5089,1.6493,FALSE
14,pm10,hw_4,under_viaduct,0.8559,0.7972,-0.9351,2.6468,FALSE
14,pm10,non_canyon,on_viaduct,-0.4963,0.0011,-0.86,-0.1326,TRUE
14,pm10,non_canyon,under_viaduct,-0.2107,0.9996,-1.6856,1.2642,FALSE
14,pm10,on_viaduct,under_viaduct,0.2856,0.9978,-1.2186,1.7898,FALSE
15,pm10,0_hw_1,1_hw_2,-0.5538,0,-0.7824,-0.3252,TRUE
15,pm10,0_hw_1,2_hw_4,-0.4063,0.0048,-0.7339,-0.0787,TRUE
15,pm10,0_hw_1,hw_4,-0.2795,0.5877,-0.7525,0.1936,FALSE
15,pm10,0_hw_1,non_canyon,0.0244,0.9944,-0.0836,0.1324,FALSE
15,pm10,0_hw_1,on_viaduct,-0.7977,0,-0.9697,-0.6256,TRUE
15,pm10,0_hw_1,under_viaduct,-0.7554,0.0156,-1.4258,-0.085,TRUE
15,pm10,1_hw_2,2_hw_4,0.1475,0.9157,-0.2339,0.529,FALSE
15,pm10,1_hw_2,hw_4,0.2743,0.695,-0.2375,0.7862,FALSE
15,pm10,1_hw_2,non_canyon,0.5782,0,0.3549,0.8015,TRUE
15,pm10,1_hw_2,on_viaduct,-0.2439,0.0837,-0.5042,0.0165,FALSE
15,pm10,1_hw_2,under_viaduct,-0.2016,0.9794,-0.8999,0.4967,FALSE
15,pm10,2_hw_4,hw_4,0.1268,0.9945,-0.4362,0.6899,FALSE
15,pm10,2_hw_4,non_canyon,0.4307,0.0017,0.1068,0.7546,TRUE
15,pm10,2_hw_4,on_viaduct,-0.3914,0.0172,-0.7419,-0.0409,TRUE
15,pm10,2_hw_4,under_viaduct,-0.3491,0.8035,-1.0858,0.3875,FALSE
15,pm10,hw_4,non_canyon,0.3038,0.4774,-0.1666,0.7743,FALSE
15,pm10,hw_4,on_viaduct,-0.5182,0.0296,-1.0074,-0.029,TRUE
15,pm10,hw_4,under_viaduct,-0.4759,0.5967,-1.2878,0.3359,FALSE
15,pm10,non_canyon,on_viaduct,-0.8221,0,-0.9869,-0.6572,TRUE
15,pm10,non_canyon,under_viaduct,-0.7798,0.0105,-1.4484,-0.1112,TRUE
15,pm10,on_viaduct,under_viaduct,0.0423,1,-0.6396,0.7241,FALSE
16,pm10,0_hw_1,1_hw_2,-0.1394,0.0202,-0.2661,-0.0127,TRUE
16,pm10,0_hw_1,2_hw_4,0.149,0.1901,-0.0325,0.3305,FALSE
16,pm10,0_hw_1,hw_4,0.3757,0.0005,0.1136,0.6378,TRUE
16,pm10,0_hw_1,non_canyon,-0.1749,0,-0.2347,-0.115,TRUE
16,pm10,0_hw_1,on_viaduct,-0.5296,0,-0.6249,-0.4343,TRUE
16,pm10,0_hw_1,under_viaduct,-0.7648,0,-1.1363,-0.3934,TRUE
16,pm10,1_hw_2,2_hw_4,0.2884,0.0011,0.077,0.4998,TRUE
16,pm10,1_hw_2,hw_4,0.5151,0,0.2315,0.7987,TRUE
16,pm10,1_hw_2,non_canyon,-0.0355,0.98,-0.1592,0.0882,FALSE
16,pm10,1_hw_2,on_viaduct,-0.3902,0,-0.5345,-0.2459,TRUE
16,pm10,1_hw_2,under_viaduct,-0.6254,0,-1.0123,-0.2385,TRUE
16,pm10,2_hw_4,hw_4,0.2267,0.3274,-0.0853,0.5387,FALSE
16,pm10,2_hw_4,non_canyon,-0.3239,0,-0.5033,-0.1444,TRUE
16,pm10,2_hw_4,on_viaduct,-0.6786,0,-0.8728,-0.4844,TRUE
16,pm10,2_hw_4,under_viaduct,-0.9138,0,-1.322,-0.5056,TRUE
16,pm10,hw_4,non_canyon,-0.5506,0,-0.8113,-0.2899,TRUE
16,pm10,hw_4,on_viaduct,-0.9053,0,-1.1764,-0.6343,TRUE
16,pm10,hw_4,under_viaduct,-1.1405,0,-1.5904,-0.6907,TRUE
16,pm10,non_canyon,on_viaduct,-0.3547,0,-0.4461,-0.2634,TRUE
16,pm10,non_canyon,under_viaduct,-0.5899,0.0001,-0.9604,-0.2195,TRUE
16,pm10,on_viaduct,under_viaduct,-0.2352,0.5237,-0.613,0.1426,FALSE
17,pm10,0_hw_1,1_hw_2,-0.4706,0,-0.7159,-0.2253,TRUE
17,pm10,0_hw_1,2_hw_4,-0.1051,0.9753,-0.4566,0.2464,FALSE
17,pm10,0_hw_1,hw_4,0.1966,0.9151,-0.3109,0.7041,FALSE
17,pm10,0_hw_1,non_canyon,0.205,0,0.0891,0.3209,TRUE
17,pm10,0_hw_1,on_viaduct,-0.5167,0,-0.7013,-0.3321,TRUE
17,pm10,0_hw_1,under_viaduct,0.2502,0.9482,-0.469,0.9695,FALSE
17,pm10,1_hw_2,2_hw_4,0.3654,0.1162,-0.0438,0.7747,FALSE
17,pm10,1_hw_2,hw_4,0.6671,0.0063,0.118,1.2163,TRUE
17,pm10,1_hw_2,non_canyon,0.6756,0,0.4361,0.9151,TRUE
17,pm10,1_hw_2,on_viaduct,-0.0461,0.999,-0.3255,0.2332,FALSE
17,pm10,1_hw_2,under_viaduct,0.7208,0.0684,-0.0284,1.47,FALSE
17,pm10,2_hw_4,hw_4,0.3017,0.7612,-0.3024,0.9058,FALSE
17,pm10,2_hw_4,non_canyon,0.3102,0.1165,-0.0373,0.6576,FALSE
17,pm10,2_hw_4,on_viaduct,-0.4116,0.0213,-0.7876,-0.0356,TRUE
17,pm10,2_hw_4,under_viaduct,0.3554,0.84,-0.435,1.1457,FALSE
17,pm10,hw_4,non_canyon,0.0084,1,-0.4963,0.5132,FALSE
17,pm10,hw_4,on_viaduct,-0.7133,0.0012,-1.2381,-0.1885,TRUE
17,pm10,hw_4,under_viaduct,0.0537,1,-0.8173,0.9247,FALSE
17,pm10,non_canyon,on_viaduct,-0.7217,0,-0.8986,-0.5449,TRUE
17,pm10,non_canyon,under_viaduct,0.0452,1,-0.6721,0.7625,FALSE
17,pm10,on_viaduct,under_viaduct,0.7669,0.0327,0.0354,1.4985,TRUE
18,pm10,0_hw_1,1_hw_2,-0.1291,0.0199,-0.2463,-0.0119,TRUE
18,pm10,0_hw_1,2_hw_4,0.1581,0.0805,-0.0098,0.326,FALSE
18,pm10,0_hw_1,hw_4,0.3829,0.0001,0.1404,0.6253,TRUE
18,pm10,0_hw_1,non_canyon,-0.0513,0.091,-0.1066,0.0041,FALSE
18,pm10,0_hw_1,on_viaduct,-0.436,0,-0.5242,-0.3478,TRUE
18,pm10,0_hw_1,under_viaduct,-0.3114,0.1053,-0.655,0.0322,FALSE
18,pm10,1_hw_2,2_hw_4,0.2872,0.0003,0.0917,0.4827,TRUE
18,pm10,1_hw_2,hw_4,0.512,0,0.2497,0.7743,TRUE
18,pm10,1_hw_2,non_canyon,0.0779,0.4106,-0.0366,0.1923,FALSE
18,pm10,1_hw_2,on_viaduct,-0.3069,0,-0.4403,-0.1734,TRUE
18,pm10,1_hw_2,under_viaduct,-0.1823,0.7438,-0.5402,0.1756,FALSE
18,pm10,2_hw_4,hw_4,0.2248,0.2454,-0.0638,0.5133,FALSE
18,pm10,2_hw_4,non_canyon,-0.2094,0.0038,-0.3754,-0.0434,TRUE
18,pm10,2_hw_4,on_viaduct,-0.5941,0,-0.7737,-0.4145,TRUE
18,pm10,2_hw_4,under_viaduct,-0.4695,0.0046,-0.847,-0.092,TRUE
18,pm10,hw_4,non_canyon,-0.4341,0,-0.6753,-0.193,TRUE
18,pm10,hw_4,on_viaduct,-0.8189,0,-1.0696,-0.5682,TRUE
18,pm10,hw_4,under_viaduct,-0.6943,0,-1.1104,-0.2782,TRUE
18,pm10,non_canyon,on_viaduct,-0.3847,0,-0.4692,-0.3002,TRUE
18,pm10,non_canyon,under_viaduct,-0.2601,0.2748,-0.6028,0.0825,FALSE
18,pm10,on_viaduct,under_viaduct,0.1246,0.9419,-0.2249,0.474,FALSE
19,pm10,0_hw_1,1_hw_2,-0.1063,0.1765,-0.2341,0.0214,FALSE
19,pm10,0_hw_1,2_hw_4,0.2129,0.0109,0.0298,0.396,TRUE
19,pm10,0_hw_1,hw_4,0.46,0,0.1957,0.7244,TRUE
19,pm10,0_hw_1,non_canyon,-0.1081,0,-0.1684,-0.0477,TRUE
19,pm10,0_hw_1,on_viaduct,-0.4327,0,-0.5289,-0.3366,TRUE
19,pm10,0_hw_1,under_viaduct,-0.4677,0.0044,-0.8424,-0.0931,TRUE
19,pm10,1_hw_2,2_hw_4,0.3192,0.0002,0.106,0.5324,TRUE
19,pm10,1_hw_2,hw_4,0.5664,0,0.2803,0.8524,TRUE
19,pm10,1_hw_2,non_canyon,-0.0017,1,-0.1265,0.123,FALSE
19,pm10,1_hw_2,on_viaduct,-0.3264,0,-0.4719,-0.1809,TRUE
19,pm10,1_hw_2,under_viaduct,-0.3614,0.0908,-0.7516,0.0288,FALSE
19,pm10,2_hw_4,hw_4,0.2472,0.2361,-0.0675,0.5618,FALSE
19,pm10,2_hw_4,non_canyon,-0.3209,0,-0.502,-0.1399,TRUE
19,pm10,2_hw_4,on_viaduct,-0.6456,0,-0.8415,-0.4497,TRUE
19,pm10,2_hw_4,under_viaduct,-0.6806,0,-1.0923,-0.2689,TRUE
19,pm10,hw_4,non_canyon,-0.5681,0,-0.831,-0.3052,TRUE
19,pm10,hw_4,on_viaduct,-0.8928,0,-1.1661,-0.6194,TRUE
19,pm10,hw_4,under_viaduct,-0.9278,0,-1.3815,-0.4741,TRUE
19,pm10,non_canyon,on_viaduct,-0.3247,0,-0.4168,-0.2325,TRUE
19,pm10,non_canyon,under_viaduct,-0.3597,0.0681,-0.7333,0.014,FALSE
19,pm10,on_viaduct,under_viaduct,-0.035,1,-0.4161,0.3461,FALSE
20,pm10,0_hw_1,1_hw_2,-0.2885,0,-0.374,-0.2029,TRUE
20,pm10,0_hw_1,2_hw_4,-0.2968,0,-0.4194,-0.1742,TRUE
20,pm10,0_hw_1,hw_4,-0.2317,0.0022,-0.4088,-0.0547,TRUE
20,pm10,0_hw_1,non_canyon,0.1231,0,0.0827,0.1635,TRUE
20,pm10,0_hw_1,on_viaduct,0.0237,0.9331,-0.0407,0.0881,FALSE
20,pm10,0_hw_1,under_viaduct,-0.168,0.4309,-0.4189,0.0829,FALSE
20,pm10,1_hw_2,2_hw_4,-0.0083,1,-0.1511,0.1344,FALSE
20,pm10,1_hw_2,hw_4,0.0567,0.9765,-0.1348,0.2482,FALSE
20,pm10,1_hw_2,non_canyon,0.4116,0,0.328,0.4951,TRUE
20,pm10,1_hw_2,on_viaduct,0.3121,0,0.2147,0.4096,TRUE
20,pm10,1_hw_2,under_viaduct,0.1205,0.8233,-0.1408,0.3818,FALSE
20,pm10,2_hw_4,hw_4,0.0651,0.971,-0.1456,0.2758,FALSE
20,pm10,2_hw_4,non_canyon,0.4199,0,0.2987,0.5411,TRUE
20,pm10,2_hw_4,on_viaduct,0.3205,0,0.1893,0.4516,TRUE
20,pm10,2_hw_4,under_viaduct,0.1288,0.8138,-0.1468,0.4045,FALSE
20,pm10,hw_4,non_canyon,0.3548,0,0.1788,0.5309,TRUE
20,pm10,hw_4,on_viaduct,0.2554,0.0008,0.0724,0.4385,TRUE
20,pm10,hw_4,under_viaduct,0.0637,0.9962,-0.24,0.3675,FALSE
20,pm10,non_canyon,on_viaduct,-0.0994,0,-0.1611,-0.0377,TRUE
20,pm10,non_canyon,under_viaduct,-0.2911,0.0108,-0.5413,-0.0409,TRUE
20,pm10,on_viaduct,under_viaduct,-0.1917,0.2873,-0.4468,0.0635,FALSE
21,pm10,0_hw_1,1_hw_2,-0.124,0.0001,-0.2052,-0.0429,TRUE
21,pm10,0_hw_1,2_hw_4,0.0445,0.9195,-0.0718,0.1608,FALSE
21,pm10,0_hw_1,hw_4,0.1926,0.0128,0.0246,0.3605,TRUE
21,pm10,0_hw_1,non_canyon,-0.043,0.0166,-0.0813,-0.0046,TRUE
21,pm10,0_hw_1,on_viaduct,-0.1948,0,-0.2559,-0.1337,TRUE
21,pm10,0_hw_1,under_viaduct,-0.3477,0.0003,-0.5857,-0.1098,TRUE
21,pm10,1_hw_2,2_hw_4,0.1686,0.0045,0.0331,0.304,TRUE
21,pm10,1_hw_2,hw_4,0.3166,0,0.1349,0.4983,TRUE
21,pm10,1_hw_2,non_canyon,0.0811,0.0411,0.0018,0.1603,TRUE
21,pm10,1_hw_2,on_viaduct,-0.0708,0.2646,-0.1632,0.0216,FALSE
21,pm10,1_hw_2,under_viaduct,-0.2237,0.1084,-0.4716,0.0242,FALSE
21,pm10,2_hw_4,hw_4,0.148,0.3041,-0.0518,0.3479,FALSE
21,pm10,2_hw_4,non_canyon,-0.0875,0.2722,-0.2025,0.0275,FALSE
21,pm10,2_hw_4,on_viaduct,-0.2393,0,-0.3638,-0.1149,TRUE
21,pm10,2_hw_4,under_viaduct,-0.3922,0.0002,-0.6537,-0.1307,TRUE
21,pm10,hw_4,non_canyon,-0.2355,0.0006,-0.4025,-0.0685,TRUE
21,pm10,hw_4,on_viaduct,-0.3874,0,-0.561,-0.2137,TRUE
21,pm10,hw_4,under_viaduct,-0.5403,0,-0.8285,-0.2521,TRUE
21,pm10,non_canyon,on_viaduct,-0.1519,0,-0.2104,-0.0933,TRUE
21,pm10,non_canyon,under_viaduct,-0.3048,0.0029,-0.5421,-0.0674,TRUE
21,pm10,on_viaduct,under_viaduct,-0.1529,0.5055,-0.3949,0.0892,FALSE
22,pm10,0_hw_1,1_hw_2,-0.016,0.9995,-0.1239,0.0919,FALSE
22,pm10,0_hw_1,2_hw_4,0.3115,0,0.1569,0.4661,TRUE
22,pm10,0_hw_1,hw_4,0.5506,0,0.3274,0.7739,TRUE
22,pm10,0_hw_1,non_canyon,-0.1676,0,-0.2186,-0.1167,TRUE
22,pm10,0_hw_1,on_viaduct,-0.4863,0,-0.5675,-0.4051,TRUE
22,pm10,0_hw_1,under_viaduct,-0.3968,0.0041,-0.7132,-0.0805,TRUE
22,pm10,1_hw_2,2_hw_4,0.3275,0,0.1475,0.5076,TRUE
22,pm10,1_hw_2,hw_4,0.5666,0,0.3251,0.8082,TRUE
22,pm10,1_hw_2,non_canyon,-0.1516,0.0004,-0.257,-0.0463,TRUE
22,pm10,1_hw_2,on_viaduct,-0.4703,0,-0.5931,-0.3474,TRUE
22,pm10,1_hw_2,under_viaduct,-0.3808,0.0117,-0.7104,-0.0513,TRUE
22,pm10,2_hw_4,hw_4,0.2391,0.1105,-0.0266,0.5048,FALSE
22,pm10,2_hw_4,non_canyon,-0.4792,0,-0.632,-0.3263,TRUE
22,pm10,2_hw_4,on_viaduct,-0.7978,0,-0.9632,-0.6324,TRUE
22,pm10,2_hw_4,under_viaduct,-0.7084,0,-1.056,-0.3608,TRUE
22,pm10,hw_4,non_canyon,-0.7183,0,-0.9403,-0.4962,TRUE
22,pm10,hw_4,on_viaduct,-1.0369,0,-1.2678,-0.8061,TRUE
22,pm10,hw_4,under_viaduct,-0.9475,0,-1.3306,-0.5644,TRUE
22,pm10,non_canyon,on_viaduct,-0.3187,0,-0.3965,-0.2409,TRUE
22,pm10,non_canyon,under_viaduct,-0.2292,0.3278,-0.5447,0.0863,FALSE
22,pm10,on_viaduct,under_viaduct,0.0894,0.983,-0.2323,0.4112,FALSE